{
  "$schema": "https://cloud.uipath.com/draft/2024-12/entry-point",
  "entryPoints": [
    {
      "filePath": "Main.xaml",
      "uniqueId": "846868d5-0b8a-4735-b28b-ed4269bc30e1",
      "type": "process",
      "input": {
        "type": "object",
        "properties": {
          "in_OrchestratorQueueName": {
            "type": "string"
          },
          "in_OrchestratorQueueFolder": {
            "type": "string"
          }
        },
        "required": []
      }
    }
  ]
}