{
  "$schema": "https://cloud.uipath.com/draft/2024-12/operate",
  "contentType": "Process",
  "projectId": "f819af31-3bb5-4a07-83de-fd8d800c186b",
  "main": "Main.xaml",
  "dependencies": {
    "UiPath.DocumentUnderstanding.Activities": "[2.16.1]",
    "UiPath.Excel.Activities": "[3.3.1]",
    "UiPath.Mail.Activities": "[2.5.10]",
    "UiPath.MicrosoftOffice365.Activities": "[3.5.10]",
    "UiPath.PDF.Activities": "[3.25.0]",
    "UiPath.System.Activities.Runtime": "[25.10.2]",
    "UiPath.Testing.Activities": "[25.10.0]",
    "UiPath.UIAutomation.Activities.Runtime": "[25.10.19]",
    "UiPath.Word.Activities": "[2.3.1]"
  },
  "targetFramework": "Windows",
  "runtimeOptions": {
    "isAttended": false,
    "requiresUserInteraction": true,
    "robotVersion": "26.0.182"
  },
  "designOptions": {
    "projectProfile": "Development",
    "fileInfoCollection": []
  }
}