{
  "assemblyStates": {
    "Studio.Generated.TypedDataTable1": {
      "namespace": "System.Data",
      "providerName": "TypedDataTable",
      "key": {
        "name": "Studio.Generated.TypedDataTable1",
        "hash": "NExtractDataGeneric\u00601_2|DataTable|5W9ZnfIMqYrba0Jn8pqbAgi9P6EHJMRJz85czPbKDo",
        "assemblyName": "Studio.Generated.TypedDataTable1"
      }
    },
    "Studio.Generated.TypedDataTable2": {
      "namespace": "System.Data",
      "providerName": "TypedDataTable",
      "key": {
        "name": "Studio.Generated.TypedDataTable2",
        "hash": "NExtractDataGeneric\u00601_3|DataTable|53lSgQZhOKBRl2h1DwUmxh00RorItv7fnSznBPnQ",
        "assemblyName": "Studio.Generated.TypedDataTable2"
      }
    },
    "Studio.Generated.TypedDataTable3": {
      "namespace": "System.Data",
      "providerName": "TypedDataTable",
      "key": {
        "name": "Studio.Generated.TypedDataTable3",
        "hash": "NExtractDataGeneric\u00601_4|DataTable|53lSgQZhOKBRl2h1DwUmxh00RorItv7fnSznBPnQ",
        "assemblyName": "Studio.Generated.TypedDataTable3"
      }
    },
    "Studio.Generated.TypedDataTable4": {
      "namespace": "System.Data",
      "providerName": "TypedDataTable",
      "key": {
        "name": "Studio.Generated.TypedDataTable4",
        "hash": "NExtractDataGeneric\u00601_1|DataTable|uyF8MCfzEEJ5Ghn9CX3S2qhLi9cIJOxvBlJJ4zxrgE",
        "assemblyName": "Studio.Generated.TypedDataTable4"
      }
    }
  }
}