{
  "exportedBy": null,
  "bundleHash": null,
  "version": "1.0.0.0",
  "jitAssemblyCompilerCommands": [
    {
      "providerName": "TypedDataTable",
      "typedDataTableDto": {
        "id": 1,
        "idRef": "NExtractDataGeneric`1_2",
        "hash": "NExtractDataGeneric`1_2|DataTable|iddOeU4Dbkkc4l8vrRB61wGVTe1YcKNXMODHt02QEo",
        "dataType": "System.Data.DataTable, System.Data.Common",
        "columns": [
          {
            "columnName": "Cases (4) Case Number",
            "dataType": "System.String, System.Private.CoreLib"
          },
          {
            "columnName": "Cases (4) Style",
            "dataType": "System.String, System.Private.CoreLib"
          },
          {
            "columnName": "Cases (4) Date Filed",
            "dataType": "System.String, System.Private.CoreLib"
          },
          {
            "columnName": "Cases (4) Case Type",
            "dataType": "System.String, System.Private.CoreLib"
          },
          {
            "columnName": "Cases (4) County",
            "dataType": "System.String, System.Private.CoreLib"
          }
        ]
      },
      "entityAssemblyKey": {
        "name": "Studio.Generated.TypedDataTable1",
        "hash": "NExtractDataGeneric`1_2|DataTable|5W9ZnfIMqYrba0Jn8pqbAgi9P6EHJMRJz85czPbKDo",
        "assemblyName": "Studio.Generated.TypedDataTable1"
      }
    },
    {
      "providerName": "TypedDataTable",
      "typedDataTableDto": {
        "id": 2,
        "idRef": "NExtractDataGeneric`1_3",
        "hash": "NExtractDataGeneric`1_3|DataTable|GQrvfFrHwAR4wA65hFf3l6BRpHN5IJmxsUNSDaPQrCw",
        "dataType": "System.Data.DataTable, System.Data.Common",
        "columns": [
          {
            "columnName": "Cases (1) Case Number",
            "dataType": "System.String, System.Private.CoreLib"
          },
          {
            "columnName": "Cases (1) Style",
            "dataType": "System.String, System.Private.CoreLib"
          },
          {
            "columnName": "Cases (1) Date Filed",
            "dataType": "System.String, System.Private.CoreLib"
          },
          {
            "columnName": "Cases (1) Case Type",
            "dataType": "System.String, System.Private.CoreLib"
          },
          {
            "columnName": "Cases (1) County",
            "dataType": "System.String, System.Private.CoreLib"
          }
        ]
      },
      "entityAssemblyKey": {
        "name": "Studio.Generated.TypedDataTable2",
        "hash": "NExtractDataGeneric`1_3|DataTable|53lSgQZhOKBRl2h1DwUmxh00RorItv7fnSznBPnQ",
        "assemblyName": "Studio.Generated.TypedDataTable2"
      }
    },
    {
      "providerName": "TypedDataTable",
      "typedDataTableDto": {
        "id": 3,
        "idRef": "NExtractDataGeneric`1_4",
        "hash": "NExtractDataGeneric`1_4|DataTable|GQrvfFrHwAR4wA65hFf3l6BRpHN5IJmxsUNSDaPQrCw",
        "dataType": "System.Data.DataTable, System.Data.Common",
        "columns": [
          {
            "columnName": "Cases (1) Case Number",
            "dataType": "System.String, System.Private.CoreLib"
          },
          {
            "columnName": "Cases (1) Style",
            "dataType": "System.String, System.Private.CoreLib"
          },
          {
            "columnName": "Cases (1) Date Filed",
            "dataType": "System.String, System.Private.CoreLib"
          },
          {
            "columnName": "Cases (1) Case Type",
            "dataType": "System.String, System.Private.CoreLib"
          },
          {
            "columnName": "Cases (1) County",
            "dataType": "System.String, System.Private.CoreLib"
          }
        ]
      },
      "entityAssemblyKey": {
        "name": "Studio.Generated.TypedDataTable3",
        "hash": "NExtractDataGeneric`1_4|DataTable|53lSgQZhOKBRl2h1DwUmxh00RorItv7fnSznBPnQ",
        "assemblyName": "Studio.Generated.TypedDataTable3"
      }
    },
    {
      "providerName": "TypedDataTable",
      "typedDataTableDto": {
        "id": 4,
        "idRef": "NExtractDataGeneric`1_1",
        "hash": "NExtractDataGeneric`1_1|DataTable|GuAksOmut2Z6vnM2AFoUdJ11u9Z1AdrsdYej4DqprY",
        "dataType": "System.Data.DataTable, System.Data.Common",
        "columns": [
          {
            "columnName": "CaseNumber",
            "dataType": "System.String, System.Private.CoreLib"
          },
          {
            "columnName": "Style",
            "dataType": "System.String, System.Private.CoreLib"
          },
          {
            "columnName": "CaseType",
            "dataType": "System.String, System.Private.CoreLib"
          },
          {
            "columnName": "County",
            "dataType": "System.String, System.Private.CoreLib"
          },
          {
            "columnName": "DateFiled",
            "dataType": "System.String, System.Private.CoreLib"
          },
          {
            "columnName": "Names",
            "dataType": "System.String, System.Private.CoreLib"
          }
        ]
      },
      "entityAssemblyKey": {
        "name": "Studio.Generated.TypedDataTable4",
        "hash": "NExtractDataGeneric`1_1|DataTable|uyF8MCfzEEJ5Ghn9CX3S2qhLi9cIJOxvBlJJ4zxrgE",
        "assemblyName": "Studio.Generated.TypedDataTable4"
      }
    }
  ]
}